Timestamp,What is your current age?,"Each Santa Fe student can participate in up to 3 sports in Junior High and up to 4 in High School. The sports are as follows: baseball, basketball, football, softball, track & field, and volleyball. 

How many of these have you participated in for a Santa Fe school team? (Please do not count non-SF teams.)",For which teams do you participate at Santa Fe?,Do you more love to win or hate to lose?,"Would you prefer to be on a winning team but yourself mostly sit the bench, or play an equal share as your teammates on a team that rarely wins? ",How do you prefer to be coached?,"Read all five factors below. Please rank them 1st-5th as to which ones MOST describe the reasons you play. Your ""1"" choice should be considered the ""first"" or ""most true"" reason you play. Then you'll choose a second, third, fourth and fifth (least) reason. You can only have one selection per column. [I enjoy playing the sport.]","Read all five factors below. Please rank them 1st-5th as to which ones MOST describe the reasons you play. Your ""1"" choice should be considered the ""first"" or ""most true"" reason you play. Then you'll choose a second, third, fourth and fifth (least) reason. You can only have one selection per column. [I want to work on improving my skills.]","Read all five factors below. Please rank them 1st-5th as to which ones MOST describe the reasons you play. Your ""1"" choice should be considered the ""first"" or ""most true"" reason you play. Then you'll choose a second, third, fourth and fifth (least) reason. You can only have one selection per column. [I want to win, achieve success.]","Read all five factors below. Please rank them 1st-5th as to which ones MOST describe the reasons you play. Your ""1"" choice should be considered the ""first"" or ""most true"" reason you play. Then you'll choose a second, third, fourth and fifth (least) reason. You can only have one selection per column. [I like being around my friends and teammates.]","Read all five factors below. Please rank them 1st-5th as to which ones MOST describe the reasons you play. Your ""1"" choice should be considered the ""first"" or ""most true"" reason you play. Then you'll choose a second, third, fourth and fifth (least) reason. You can only have one selection per column. [I enjoy competing against others.]","Once you have read the definitions above, please rank the qualities as to their importance in your ideal coach. Ask yourself how important it is your coach have this quality. (1 = most important, 4 = least important) You may have only one selection per column. [Competence]","Once you have read the definitions above, please rank the qualities as to their importance in your ideal coach. Ask yourself how important it is your coach have this quality. (1 = most important, 4 = least important) You may have only one selection per column. [Confidence]","Once you have read the definitions above, please rank the qualities as to their importance in your ideal coach. Ask yourself how important it is your coach have this quality. (1 = most important, 4 = least important) You may have only one selection per column. [Connection]","Once you have read the definitions above, please rank the qualities as to their importance in your ideal coach. Ask yourself how important it is your coach have this quality. (1 = most important, 4 = least important) You may have only one selection per column. [Character]",Providing a fun experience for me and my teammates.,Teaching me how to be better at my sport. ,Having a great understanding of the sport they coach.,Caring about me as a person and not just an athlete.,"Having high standards for how players behave, practice and play.","Being a great role model for me, even outside of sports.",Helping athletes and teams achieve more victories in competition.,Being consistent and fair when making decisions regarding their athletes. ,"Communicating in a supportive, encouraging manner. ",Designing practices which are both effective and efficient.,Creating strong bonds within the team. ,Communicating clearly and directly their expectations and instruction.,Creating and nurturing the culture of the program.,Willing to push athletes out of their comfort zone to promote growth.,Think about coaches you've had. What negative qualities did they possess?,Think of the BEST coach you've had. What qualities does he/she possess?,What are some qualities you want in a coach that you haven't already mentioned?
3/26/2026 14:07:58,18+,1,Girls' sports,I hate losing.,"I want the team to win, even if I have to mostly sit.","As long as they're fair, I don't mind being coached ""tough.""",1,3,5,4,2,3,1,4,2,4,3,3,4,3,4,2,4,4,4,3,4,4,3,"Lack of communication, taking out their anger or bad mood on us as players, even if it's from an outside thing","Good communication, good at factoring our lives out of the sport into how we do in our sport, provides comfort and good knowledge","I would want a coach to be understanding, willing to listen, and knowledgeable in the sport, but also in how a teen is developing and could be going through, which affects their playing ability and attitude."
3/25/2026 14:10:23,16-17,1,Boys' sports,I love winning.,"I want to get to play as much as my teammates, even if we don't win much.","As long as they're fair, I don't mind being coached ""tough.""",4,1,2,5,3,1,2,4,3,3,4,4,4,4,4,2,3,3,3,3,3,4,3,"They let to much hearsay get out, and dont clear things up with athletes/community whenever it arises. Promotes good actions from athletes but does not display said action themselves. Lack of conflict resolution skills and problem solution (punishment) options.","They not only care for me, but they care for everyone on the team as a person, and everyone on the teams relationship with eachother. They promote growth through struggle. They know/have experience of the subject/sport they are coaching""","They care enough about their athletes being there they will go the extra step to call when they are late, arrange rides when needed, be there for makeup days. They have to show they care, but on the flip side can't bend completely backwards for them and also has to known when to remove an individual."
3/25/2026 14:12:54,16-17,2,Girls' sports,I hate losing.,"I want the team to win, even if I have to mostly sit.","As long as they're fair, I don't mind being coached ""tough.""",4,3,2,5,1,1,2,3,4,3,4,4,3,4,4,4,4,3,4,3,4,4,4,Having hope in the wrong people or not having enough hope in the people that can be good.,"Making sure the team has chemistry outside and within the sport, and encouraging that. ","Someone that doesn't try to control the things they cannot, like  what  you are doing outside of school."
3/25/2026 14:11:11,16-17,2,Girls' sports,I love winning.,"I want the team to win, even if I have to mostly sit.","As long as they're fair, I don't mind being coached ""tough.""",3,5,4,1,2,4,3,1,2,4,3,3,4,3,4,3,4,3,3,4,4,4,3,I have had coaches that were too strict and quick to anger which took the fun out of the sport and I've also had coaches that weren't focused on what we were doing enough so we slacked off and did whatever.,"They are caring, focused, they create a balance between improving and having fun, they are fair, they are consistent, and they are encouraging.","Time management skills and the ability to create and stick to a routine. I thinks it helps their athletes be focused and prepared, it keeps things effective and efficient, and it helps teach the athletes those same skills."
3/25/2026 13:20:58,18+,3,Girls' sports,I love winning.,"I want to get to play as much as my teammates, even if we don't win much.",I want my coach to remain positive in how they communicate to me.,1,2,4,3,5,1,4,3,2,4,4,4,4,3,1,1,4,4,4,1,4,4,2,"They: are exclusive, and create cliques within the team and demonize the ""fat kids,"" ""unathletic kids,"" and the athletes that are (real quote) ""a spaz""; turn their back on athletes after losses and punish them with exercises and activities that don't actually fix the mistakes, ex- Team missed most of their free throws, so we run for the whole practice instead of shooting more. Conditioning, yes, but not the right kind...; create a hostile environment ex- throwing things, physically assaulting athletes, cursing at or calling athletes dehumanizing terms; have one volume. Time and place for shouting, which is not necessary when giving basic instructions for the first time.; are not adaptive or understanding of athletes' mental health, learning, or comprehension issues ex- laughing with the rest of the starters about an athlete who is ""SPED""","Unifies the team, encourages them constantly, consoles after losses and makes plans to attack the issues at their origin, prioritizes recovery and injury prevention, encourages rest, understands athletes are students first and have FAMILIES, is understanding and doesn't punish athletes for emergencies, sickness or rest days (within reason of course, like ankle is swollen to the size of a grapefruit).","Coaches who understand the culture issues that are present and works hard to fix, or improve them."
3/26/2026 13:51:50,16-17,3,Girls' sports,I love winning.,"I want to get to play as much as my teammates, even if we don't win much.","As long as they're fair, I don't mind being coached ""tough.""",1,2,3,5,4,3,2,1,4,2,3,4,2,4,1,3,4,3,4,2,3,2,4,They favored there own kid over making it an equal chance on playing for everyone,she pushes me to the best to my ability even when I'm not confident in myself ,them pushing me and and having an equal chance for everyone also teaching things that i would never want to do but do it anyway 
3/27/2026 8:34:04,18+,0,I do not play sports for Santa Fe's school teams.,I hate losing.,"I want the team to win, even if I have to mostly sit.","As long as they're fair, I don't mind being coached ""tough.""",5,2,4,1,3,2,1,4,3,3,4,4,3,3,3,4,4,3,3,3,4,3,4,They could be very negative at times like when we don't win or when we didn't do as good as they thought we should. They would scream at us and talk very negatively about us. ,They are very positive all the time and have great energy. They do their best to teach us new things and help us continue to grow and get better at the skills we already have. They also take the time to focus on our mental health and our physical health by doing a deep stretch or yoga or even Pilates to build up strength but also to give us a break from the normal. ,I want them to be positive but also be able to give us critical feedback and be a little tough on us so we do get better at the sport. 
3/27/2026 8:36:12,18+,3,Girls' sports,I love winning.,"I want the team to win, even if I have to mostly sit.","As long as they're fair, I don't mind being coached ""tough.""",3,5,2,4,1,3,1,4,2,4,4,4,4,3,4,3,4,4,4,3,4,4,4,Didn't have a good bond with most of the team.,Had a good bond with us individuals on the team. Also was super understanding and helped us when we needed it.,Be understandable and help everyone learn the plays
3/27/2026 8:36:57,18+,1,Girls' sports,I love winning.,"I want to get to play as much as my teammates, even if we don't win much.",I want my coach to remain positive in how they communicate to me.,4,2,5,3,1,4,2,1,3,3,3,3,3,4,3,3,3,4,3,4,3,3,4,"They overwork you at time, and don't give a necessary break ","Encouraging us, and having faith in us even when we don't  have any faith ","To teach more instead of yelling more, when they are mad "
3/27/2026 8:37:50,18+,4,Girls' sports,I hate losing.,"I want the team to win, even if I have to mostly sit.","As long as they're fair, I don't mind being coached ""tough.""",2,4,3,1,5,2,3,4,1,4,4,4,4,4,4,4,4,4,4,3,4,4,4,"No matter what we were trying to say it was always ""Their way"". They took things that could've been positive but made them negative to make themselves look good. If we had a teammate struggling they would have a negative look on their face and not say positive things afterward. Coaches should be making their players feel better about themselves not worse!","This coach would always be their for us on and off the court/field. They were aways positive about what they had to say even if people were messing up or doing the wrong thing. They would  always have a smile on their face and you could tell that they wanted to be there to help us not only get better  but to have fun with what we were doing. We could be losing by a good amount and after the game they would always talk about the positive and look to the future or next game and if we did talk about the past game it would always stay positive and instead of ""we did this and this wrong"" it would be ""how can we do better and how can we fix this situation""","Positivity, being truthful, and playing a fair game with all kids participating."
3/27/2026 8:39:09,18+,1,Girls' sports,I hate losing.,"I want the team to win, even if I have to mostly sit.","As long as they're fair, I don't mind being coached ""tough.""",1,4,2,5,3,1,2,4,3,3,4,4,4,4,4,3,4,4,4,4,4,4,4,every coach i have had i cant think about a bad experience ,"the best coach i have ever had set clear goals and always, told us what they expected from us, and help me understand and be more comfortable in how i blap they also made the practices fun but still teaching us new things  ",same as the top
3/27/2026 9:27:11,11-13,2,Girls' sports,I love winning.,"I want to get to play as much as my teammates, even if we don't win much.","As long as they're fair, I don't mind being coached ""tough.""",1,5,4,2,3,4,3,2,1,4,4,4,4,4,4,4,4,4,4,3,4,4,4,they dont focose on the sport as much,they help you learn and get better,to be had on you push up 
3/27/2026 9:26:58,11-13,1,I do not play sports for Santa Fe's school teams.,I love winning.,"I want to get to play as much as my teammates, even if we don't win much.",I want my coach to remain positive in how they communicate to me.,4,1,2,5,3,4,1,2,3,4,3,3,4,4,4,3,3,3,2,4,3,2,2,only caring about wining,bieng respetfu ,to respecct the kids 
3/27/2026 9:27:01,11-13,3,Boys' sports,I love winning.,"I want to get to play as much as my teammates, even if we don't win much.",I want my coach to remain positive in how they communicate to me.,1,2,3,5,4,1,2,3,4,4,3,4,4,4,4,3,3,2,2,4,4,2,3,"one negative qualitie was he always talks about the fundimentas 
",he possess on do thing better when no one is looking ,nothing 
3/27/2026 9:27:03,11-13,2,Boys' sports,I love winning.,"I want to get to play as much as my teammates, even if we don't win much.","As long as they're fair, I don't mind being coached ""tough.""",3,2,1,5,4,1,2,3,4,1,4,4,2,4,4,3,3,3,4,3,4,2,4,Only playing kids they knew personaly,pushing me to become a better athlete and giving us efective drills,productive incuragment of all kinds
3/27/2026 9:27:06,11-13,2,Girls' sports,I hate losing.,"I want to get to play as much as my teammates, even if we don't win much.",I want my coach to remain positive in how they communicate to me.,1,2,4,3,5,4,2,1,3,2,3,4,1,2,1,2,4,4,3,4,4,2,1,Not making things fair and only letting the kids they like play and not the kids that are actually trying.,"Helping me understand and not getting frusterated, and making everything fair.",Teaching us very well and being patient.
3/27/2026 9:27:23,11-13,1,Boys' sports,I love winning.,"I want the team to win, even if I have to mostly sit.",I want my coach to remain positive in how they communicate to me.,5,3,1,2,4,1,3,2,4,4,3,4,4,2,3,4,3,4,3,4,3,3,2,they got mad a lot of times,he stayed calm and helped us do better on what we were trying to do,"i want them to be kind, supportive, helpful, mindful, and comforting"
3/27/2026 9:28:27,11-13,3,Boys' sports,I hate losing.,"I want to get to play as much as my teammates, even if we don't win much.","As long as they're fair, I don't mind being coached ""tough.""",1,4,2,3,5,1,2,4,3,4,4,4,4,4,4,4,4,4,4,4,4,4,2,Trying new thing to help that dont help.,He would always help me with my form and strength by doing certain excersizes.,To have some fun games that still help you with your sport. 
3/27/2026 9:33:06,11-13,3,Boys' sports,I love winning.,"I want to get to play as much as my teammates, even if we don't win much.","As long as they're fair, I don't mind being coached ""tough.""",5,3,2,4,1,4,3,2,1,2,4,3,2,4,3,2,3,3,3,3,3,3,4,They were always just yelling at me,He was always supported and he was always picking me up and he we always teaching me cool and new stuff,More pashents 
3/27/2026 10:20:08,16-17,0,Boys' sports,I love winning.,"I want the team to win, even if I have to mostly sit.","As long as they're fair, I don't mind being coached ""tough.""",3,4,2,1,5,3,1,4,2,4,4,4,4,4,4,4,4,4,4,4,4,4,4,Picking favorites ,Carry and helping the whole team ,Taking action for what they have done 
3/27/2026 10:25:36,14-15,3,Girls' sports,I love winning.,"I want the team to win, even if I have to mostly sit.","As long as they're fair, I don't mind being coached ""tough.""",1,3,2,5,4,4,2,1,3,3,4,4,2,4,4,3,4,1,3,2,4,3,4,"Too positive, and not realistic enough, I would want my coach to be hard on me and the team because that helps us improve more than just being positive all the time.","Very hard on me, holds me and the entire team to a very high standard, they are supportive when we do well but they still see the things we need to improve on. They see potential, and will help you get to where you want to be but only if you want to put in the work.","Holding the team and myself personally to a high standard, making us better even when it sucks."
3/27/2026 10:25:36,14-15,3,Boys' sports,I hate losing.,"I want the team to win, even if I have to mostly sit.","As long as they're fair, I don't mind being coached ""tough.""",4,3,1,5,2,2,1,3,4,3,4,4,3,4,3,4,3,3,4,3,4,2,4,Not giving consequences when the team or a team member makes a mistake.,Good communication with the team and makes fair decisions.,Has good knowledge and helps with technique and helps me evolve as a athlete.
3/27/2026 10:25:36,14-15,4,Boys' sports,I love winning.,"I want the team to win, even if I have to mostly sit.","As long as they're fair, I don't mind being coached ""tough.""",3,1,2,4,5,1,3,2,4,2,4,3,3,2,3,3,3,4,3,4,3,3,4,bias towards other players.,Really understood the player and taught them in their own way.,Knowledge of teaching and knowing the game.
3/27/2026 10:25:38,16-17,4,Boys' sports,I hate losing.,"I want the team to win, even if I have to mostly sit.","As long as they're fair, I don't mind being coached ""tough.""",5,3,1,4,2,3,4,1,2,3,4,4,4,3,3,2,4,3,3,4,3,3,4,some negative qualities where them favoriting others and playing kids who give little to no effort in practice,they where strict while also helping me grow to be aa better player  and wanted to work hard and actually  helped me,i want them to be fair wit who they play and not just pick there favorite but pick who woks hard all the time 
3/27/2026 10:25:38,14-15,1,Girls' sports,I hate losing.,"I want the team to win, even if I have to mostly sit.","As long as they're fair, I don't mind being coached ""tough.""",2,1,5,3,4,3,2,4,1,3,4,4,4,3,3,3,3,3,2,3,4,2,4,Focusing only on certain parts of the sport instead of practicing everything equally.,Being kind to the athletes and pushing them out of their comfort zone at the same time,Caring about both the sport and the athletes.
3/27/2026 10:25:41,14-15,3,Boys' sports,I love winning.,"I want to get to play as much as my teammates, even if we don't win much.",I want my coach to remain positive in how they communicate to me.,3,2,4,1,5,1,3,4,2,4,3,3,2,2,2,4,3,4,3,3,3,4,2,I had a coach who was to focused on winning and not helping everyone grow.,Cared about everyone's growth and wanted to know all of us on a deeper level than just in the sport.,Want to know there former success and how they would prioritize practice.
3/27/2026 10:25:43,14-15,4,Boys' sports,I love winning.,"I want to get to play as much as my teammates, even if we don't win much.","As long as they're fair, I don't mind being coached ""tough.""",3,4,2,5,1,1,4,3,2,3,4,4,3,3,3,4,3,2,4,3,3,3,3,"I think the negative qualities they had were, was they were not  compentant enough to teach about the sport",they had a good attitude and they loved to win.,i want them to have a good  schedule and a better mindset
3/27/2026 10:25:52,14-15,2,Boys' sports,I love winning.,"I want to get to play as much as my teammates, even if we don't win much.",I want my coach to remain positive in how they communicate to me.,1,3,4,2,5,3,2,4,1,4,4,4,4,4,4,4,4,4,4,4,4,4,4,They only played people that they wanted to play and didn't think about the other teamates.,He was fun and had a good aditude he had a good motivation to keep playing and he treated every one on the team the same and didnt favorite his kid over other players.,Isn't scared to put certain people in a game even though that player might not be the best because it gives that person a chance to have fun and not be sitting on the bench doing nothing losing the love for the sport.
3/27/2026 10:25:58,14-15,1,Boys' sports,I hate losing.,"I want to get to play as much as my teammates, even if we don't win much.","As long as they're fair, I don't mind being coached ""tough.""",3,1,5,2,4,1,3,2,4,3,3,4,3,4,3,4,4,3,2,4,3,4,2,a coach that was being to nice which mad the team not to be motivated,calm takes time lets you do things at your own pace,for them to know how to get to the kids and encourage them to do better
3/27/2026 10:26:48,14-15,3,Girls' sports,I love winning.,"I want to get to play as much as my teammates, even if we don't win much.","As long as they're fair, I don't mind being coached ""tough.""",3,1,2,4,5,1,2,4,3,3,4,3,2,3,4,3,2,4,3,3,3,2,4,"They would focus more on the ""better players"" during practices and games while expecting everyone else to be as good as them without giving them equal attention and coaching time. ",They had clear communication and understanding in the areas I wasn't as efficient or good in. They were stern but still positive with how they coached. They gave equal amount of attention to everyone and they were a very good role models to the team. They had us address good and bad things we did and things we were looking forward to the next game or practice. ,Doesn't get mad at me if I don't get something correct right away.
3/27/2026 10:26:59,14-15,4,Girls' sports,I love winning.,"I want to get to play as much as my teammates, even if we don't win much.","As long as they're fair, I don't mind being coached ""tough.""",3,1,4,2,5,1,3,2,4,4,4,3,3,4,3,4,4,4,3,4,3,3,3,Not helping you improve on something you want to improve on ,"fairness, caring, kind",a coach that motivates you and pushes you to be a good athlete
3/27/2026 10:27:15,14-15,3,Boys' sports,I love winning.,"I want to get to play as much as my teammates, even if we don't win much.",I want my coach to remain positive in how they communicate to me.,4,1,2,5,3,4,2,3,1,4,4,3,3,4,4,3,4,4,4,4,4,4,4,having not the best positive attitude ,being positive being confident changing the negatives changing the culture of the team,giving more individual work aside in the practices 
3/27/2026 10:28:14,14-15,3,Boys' sports,I love winning.,"I want the team to win, even if I have to mostly sit.","As long as they're fair, I don't mind being coached ""tough.""",1,5,3,2,4,2,3,4,1,4,4,4,3,4,3,4,4,3,4,4,4,3,4,getting on to people for reason ,talking one one on to see how to make me better,get more in to detail about the play 
3/27/2026 10:29:12,14-15,3,Girls' sports,I love winning.,"I want to get to play as much as my teammates, even if we don't win much.","As long as they're fair, I don't mind being coached ""tough.""",5,2,3,4,1,3,1,2,4,3,4,3,4,4,3,3,4,4,4,4,4,4,4,Getting mad when we don't understand ,Pushing us to be the best athlete we can be ,Checking up on us after a hard loss and making sure we are mentally and physically good. 
3/27/2026 10:30:18,14-15,1,Girls' sports,I hate losing.,"I want the team to win, even if I have to mostly sit.","As long as they're fair, I don't mind being coached ""tough.""",3,1,2,5,4,2,1,4,3,3,4,4,4,4,4,4,3,4,4,3,4,4,4,They would say things about us as people and not athletes that would bring us down and don't have a full understanding of the sport and are trying to figure things out at the same time as coaching us and had favorites they would spend more time on then the rest of us ,They made sure our opinion and feeling were heard and had drills and would tell us things that actually helped us instead of wasting time and gave reasonable corrections ,For them to understand that everyone is diffrent and not every kid can do the same things as good as another and that we all grow at diffrent speeds 
3/27/2026 10:31:58,14-15,4,Boys' sports,I hate losing.,"I want the team to win, even if I have to mostly sit.","As long as they're fair, I don't mind being coached ""tough.""",1,3,4,5,2,3,2,4,1,2,4,3,3,4,4,2,4,4,3,3,4,4,4,"They didn't communicate what they wanted too me, they would tell me one thing and a different coach would communicate the opposite.  ",Calm and understanding on what the team and specific players needed to work on and would take to me or others after every practice and talk about what they could do for their individual role as a player and how to get better. ,"I want coaches that know what there doing they don't have the smartest at the sport they don't have to have all the little secret's just have a good understanding of the sport and can communicate it well. I think another big part to a goo coach is not letting the kids get down on themself or especially the team help there confidence out, but i don't mean to sugar coat them "
3/27/2026 10:32:13,14-15,2,Boys' sports,I love winning.,"I want to get to play as much as my teammates, even if we don't win much.","As long as they're fair, I don't mind being coached ""tough.""",5,1,2,4,3,1,3,4,2,4,3,4,4,4,4,3,3,4,4,4,4,4,4,when the team has a lot of energy at practice and the coach walks in and gets mad at us trying to have a fun practice so that brings us down for the rest of practice and it makes it a bad practice.,"the coach brings good energy and match the players energy, and the coach knows we know how to do the basics so we do them so we can do them good, and then when we know them good enough we move on to harder things we dont spend a whole season on the same thing we work on other things.",i want them to have positive attitude and i want my coach to thank we can win every game not just certain games and that is what makes me mad as a athlete cause i go in to every game knowing that we can win this game but sometimes i can tell that the coach knows that we cant win this game even at practices the coach needs to push athletes to how they play in a game cause you play how you practice.
3/27/2026 10:32:33,14-15,3,Girls' sports,I love winning.,"I want the team to win, even if I have to mostly sit.","As long as they're fair, I don't mind being coached ""tough.""",1,3,2,5,4,1,2,4,3,4,4,4,4,4,4,4,4,4,4,4,4,4,4,They weren't as organize. They struggled to play talent over age. They didn't like when people play other sports during there sport season.,They were tough on the player but still had very good connection with the player. They were willing to play talent over age. They supported the player to play other sports during that sport season. ,"I want them to be honest. Like why didn't I get to play that night, I want them to tell me why. So I know what to work on."
3/27/2026 10:32:38,16-17,3,Boys' sports,I hate losing.,"I want to get to play as much as my teammates, even if we don't win much.",I want my coach to remain positive in how they communicate to me.,4,3,2,5,1,2,4,3,1,4,4,4,3,3,4,4,2,4,4,4,4,1,4,"He didnt care who you were as long as you had a last name to back you up you were somebody important and he didnt know how to actually coach or how to uplift/encourage the baseball player instead he just kept saying basic thing like youll get it, instead i needed to know how i could fix that mistake to where i cant fail at it",the best qualities he had was he was always supportive uplifting joyful happy smiling and he was just energetic all the time with us for us game or no game he was always a static of energy like it rubbed off on you when you were around him and when it came to game time he was electric like pumped up ready to go out there and dominate and we usually always did.,"I want a coach that brings energy no matter where you guys are even if you have a game or not also a coach that is more chill but not like unfair ways because everyone needs a shot out there but also at the same time i want a winning/dominate team that puts fear or like worry in there eyes when they face us in a game  because that""s how dominate and good we are."
3/27/2026 10:32:41,14-15,2,Girls' sports,I hate losing.,"I want to get to play as much as my teammates, even if we don't win much.","As long as they're fair, I don't mind being coached ""tough.""",1,3,2,5,4,2,1,4,3,4,4,4,4,4,4,3,4,3,4,4,4,4,4,They make it so that you can't miss anything and make it a big deal if you do.,Doesn't baby you and pushes you to be the best that you can be. They believe in you but also know your limits. Overall they do what's best for the team. ,"I would like coaches to tell me what I need to hear, even if I won't like it. If I'm doing something wrong tell me and I'll fix it. I also want them to be fair and put those in who deserve it and not just on year or anything like that: just on skill and attitude and effort. I also like set times and having very structured practices and such also. (not to say that I haven't had coaches already that do this this is just what I liked about them)"
3/27/2026 10:33:34,14-15,3,Girls' sports,I love winning.,"I want the team to win, even if I have to mostly sit.","As long as they're fair, I don't mind being coached ""tough.""",3,2,1,5,4,1,3,4,2,2,4,4,3,4,4,3,2,3,4,4,4,4,4,"Not communicating to everyone, not pushing everyone including the bench players, bringing the athlete down when they made 1or 2 mistakes and then not giving them advice to be better.","Teached me difficult skills to improve, pushed everyone to be their best while not bringing them down, even if you didn't like it they would keep telling you how to get better, overall just kept the energy high. ","Checking up on your life outside of sports, give advice for simple daily things to do at home to improve your skills."
3/27/2026 10:35:38,14-15,2,Girls' sports,I love winning.,"I want the team to win, even if I have to mostly sit.","As long as they're fair, I don't mind being coached ""tough.""",4,2,1,5,3,2,1,3,4,2,4,3,4,3,2,3,4,3,4,4,3,4,4,"Relied on seniors or older kids to pass down expectations and what the coach will want, if the coach wants something they should communicate what they want in my opinion. Outside of the sport they regulate everything to be around the sport, How i spend my time and where i should and shouldn't go, or how late i should be awake. I think you should value what YOU do for your sport to be the type of athlete YOU want but your whole life can't be about one high school sport and what that coach wants.","Cared for the players outside of the sport, was fair to all the players, Didn't get mad when you messed up and instead encouraged you and expressed that you got this while maintaining being tough and pushing you. The Coach didn't get mad at mistakes and instead fixed them and were very slow to anger. Made training fun and something we wanted and helped us maintain love for the sport, making it something WE wanted and not just practicing for the coach. Advocated for the athlete and didn't let their opinion or there fellow coaches out weigh yours when they were listening to you. ","I think that SF coaches NEED to enforce the fact of letting us practice for us and playing the sport for us. help us keep our passion for the sport, as a freshman i know many classmates that are athletes at SF lost a lot of passion because it felt controlling and like a lot of it was for the coach and not because you wanted to play the sport."
3/27/2026 12:29:11,18+,1,Boys' sports,I hate losing.,"I want the team to win, even if I have to mostly sit.",I want my coach to remain positive in how they communicate to me.,3,5,1,2,4,1,3,4,2,3,4,4,3,3,3,4,3,3,3,4,4,3,3,Focusing on results rather than growth and effort.,Patient but persistent,"Trustworthy and dependable, Encourages teamwork, Empathetic"
3/27/2026 12:31:52,16-17,1,Boys' sports,I hate losing.,"I want the team to win, even if I have to mostly sit.","As long as they're fair, I don't mind being coached ""tough.""",4,1,5,3,2,3,2,4,1,2,4,3,3,3,1,2,3,4,3,2,4,2,3,The coach would be to nice and not punish the team for messing around but when we lost we would run.,Knowledge of the game at a very high level and played at a high level..,A tough and little fun mindset from a coach
3/27/2026 12:33:03,18+,1,Girls' sports,I love winning.,"I want the team to win, even if I have to mostly sit.","As long as they're fair, I don't mind being coached ""tough.""",5,4,3,1,2,2,4,3,1,4,4,4,4,4,4,4,3,4,4,4,4,4,4,im not sure ,caring about the team and doing what was best for it understands the sport so she could actual help didn't pick favorites  ,I'm not sure 
3/27/2026 12:33:28,16-17,1,Girls' sports,I hate losing.,"I want the team to win, even if I have to mostly sit.","As long as they're fair, I don't mind being coached ""tough.""",1,3,4,2,5,1,2,4,3,3,4,4,3,4,4,4,3,3,4,2,3,3,3,"They didn't know all of the information needed to coach all of the criteria in the sport, they favored certain athletes over others, they talked negatively on other athletes, they didn't make practices productive, and didn't enforce the same effort from everybody on the team.","They followed MSHAA rules, they listened to my opinions, they helped me play better, and they were generally nice coaching and not.","I want a coach who is professional, and organized. "
3/27/2026 12:33:52,18+,3,Boys' sports,I love winning.,"I want to get to play as much as my teammates, even if we don't win much.","As long as they're fair, I don't mind being coached ""tough.""",1,5,3,2,4,2,3,1,4,4,4,4,4,3,3,4,4,3,4,4,3,3,4,"Not really fair playing time in some of them. A lot of sons are getting their way if the dad coaches, and people are really just being too soft around high schoolers. You shouldn’t really throw a baby fit or whine if you hear a high schooler slip a few cuss words here and there it’s going to happen.","Having a good bond with the team, being understanding of newer players while pushing the older ones the best he can, plus having a really good understanding of the sport he coaches and knowing how to bond with players.","The attitude and effort stuff is good at times, but it can also hurt the team if a certain player has a great attitude and effort but isn’t actually ready to play, which causes lots of mistakes and errors."
3/27/2026 12:41:33,18+,3,Girls' sports,I love winning.,"I want the team to win, even if I have to mostly sit.","As long as they're fair, I don't mind being coached ""tough.""",1,2,3,5,4,2,1,4,3,4,4,4,4,4,4,3,4,4,4,4,4,4,4,"Openly comparing athletes to one another in a discouraging way. Putting an athlete down in a time that they need more encouragement than ever. Accepting that teams in the past are not the team in front of them today. Often times coaches harp on the negative and forget to point out a positive, this reflects in how the players view themself and their ability to shake it and move on. Realizing that a loss shouldn't be a punishment, focus on what your team did wrong and correct that before running. Mistakes and losses will happen but the team living in fear of a punishment isn't a good attribute of how you want your athletes to see you as a leader.","The best coaches I have ever had encourage, build confidence, and learn how to coach each player. Encouragement is crucial if you want a player to get better, praise is a good thing. Confidence is a major part of how your athlete will perform. Building connections with each player helps them be more confident in you. ","I want a coach who will use the team Infront of them and make them better. Do not compare a team, the best team now may not compare to the past and trying to make them the same team will never work. It is your job as a coach to make your athletes better while keeping their health and mental status in mind. "
3/31/2026 9:50:37,11-13,2,Boys' sports,I hate losing.,"I want to get to play as much as my teammates, even if we don't win much.","As long as they're fair, I don't mind being coached ""tough.""",5,3,1,4,2,1,2,4,3,3,4,3,4,3,2,2,4,4,4,3,3,3,3,Making us run becouse we missed a ball on accident.,Whanting to help you learn and make it fun at the same time and rewarding.,Nice halpfully positive and motavative.
3/31/2026 9:52:31,14-15,3,Girls' sports,I hate losing.,"I want to get to play as much as my teammates, even if we don't win much.","As long as they're fair, I don't mind being coached ""tough.""",1,2,5,3,4,4,3,2,1,3,3,4,3,3,3,2,3,4,2,4,2,2,2,favoriting a few people and help in the more.,helping each person with whatever they needed to get better at ,staying positive even if your losing or winning.
3/31/2026 9:53:23,11-13,2,Boys' sports,I hate losing.,"I want the team to win, even if I have to mostly sit.","As long as they're fair, I don't mind being coached ""tough.""",3,1,2,4,5,3,1,2,4,2,4,4,2,4,1,4,3,3,4,4,4,4,3,Really nothing but if i  did somthing good he asways says i could do better,They were involed in the drilles and they would get us fired up and they would get mad at us if we did somthing but thats y i think i got better that year ,"Is hard on you,Disiplean you if you do somthing,Has faith in his team,Has good connection with us."
3/31/2026 9:53:45,14-15,1,Girls' sports,I love winning.,"I want the team to win, even if I have to mostly sit.","As long as they're fair, I don't mind being coached ""tough.""",5,1,4,2,3,1,3,2,4,2,3,4,2,4,3,4,4,3,4,4,4,4,4,Would not take into account how their own attitude and behavior affected the team.,"Listened , was tough but decently fair.","Competence, patience, accountability, and an ability to see what's wrong and push to fix it."
3/31/2026 9:54:00,14-15,4,Boys' sports,I hate losing.,"I want to get to play as much as my teammates, even if we don't win much.","As long as they're fair, I don't mind being coached ""tough.""",2,4,3,1,5,4,1,2,3,4,3,4,4,4,3,3,4,4,3,4,4,4,4,Some Coaches think u are messing in the line but you are just talking about like the drill and they make run. ,They valued the teem and you more then winning.,Being pactions and explaining the drill you are doing very good before you start.
3/31/2026 9:54:08,14-15,2,Girls' sports,I love winning.,"I want to get to play as much as my teammates, even if we don't win much.","As long as they're fair, I don't mind being coached ""tough.""",2,1,5,3,4,4,1,3,2,3,4,3,3,4,3,2,4,4,4,4,4,3,4,Some of my coaches didn't help get better like they didn't show what I was doing wrong.,"They helped me be more confident, made me play more, very understanding.","Some qualities I want in a coach is that they help someone out when they ask for help. Speak the truth more. Commit to the game, have a lot more practices for those who can't show up to the daily practices. Work with 1 induvial at a time to get better at something."
3/31/2026 9:54:22,14-15,2,Girls' sports,I love winning.,"I want to get to play as much as my teammates, even if we don't win much.","As long as they're fair, I don't mind being coached ""tough.""",4,1,3,2,5,1,2,3,4,2,3,4,2,3,2,2,3,4,4,2,4,3,3,"More worried about conditioning and running, other then teaching others that need the help on techniques, and then when we get in the game we are in shape but some are confused on what to do which leads to sometimes frustration.",They continue to push you and help you. It was easy to ask for help and be taught. I felt like we were able to be taught and also condition but not so much that we didn't get to not do other things. They also made it seam like you were on a team and made it more about getting better and having fun instead of being mad that we didn't win the game.,"Some qualities in a coach i would want would be good communication, great attitude and one that makes you want to continue to play sports."
3/31/2026 9:54:53,14-15,2,Girls' sports,I hate losing.,"I want the team to win, even if I have to mostly sit.","As long as they're fair, I don't mind being coached ""tough.""",4,3,1,2,5,2,1,3,4,4,4,4,4,4,4,4,4,4,4,4,4,4,4,Favoriting players meaning more play time and attention even if they aren't working as hard as others on the team. Unfair to the rest of the team that do try have a good attitude and give it there all. Would often underlook or understimate someone's true potential because they are so focused on the 'favorite' players. Overall they wouldn't pay attention to everyone on the team and helping them become the best player they can. Wouldn't help build confidence at all.,They would actually care about there team and would treat them like there own kids. Payed attention to the WHOLE team and helped us indivdually become confident in oursleeves. ,Able to get me out of my comfort zone if they belive I could be good at it.
3/31/2026 9:56:18,14-15,2,Boys' sports,I love winning.,"I want the team to win, even if I have to mostly sit.","As long as they're fair, I don't mind being coached ""tough.""",2,1,4,3,5,1,2,3,4,3,4,3,2,3,3,3,4,3,4,3,3,2,3,There wasn't much negative things but some didn't push me hard enough also them having a favorite on the team.,Really understanding explained plays really good and made our team not fight and made us better at the sport.,Favoritism
3/31/2026 9:56:22,14-15,3,Boys' sports,I love winning.,"I want the team to win, even if I have to mostly sit.","As long as they're fair, I don't mind being coached ""tough.""",2,5,3,4,1,2,4,1,3,3,4,3,3,4,2,3,4,3,2,4,3,4,3,Letting who they liked play even if the didn't try or they didn't even care to be there.,"Making a team bond, treating everyone fair, no favorites ",nothing
3/31/2026 9:56:54,14-15,3,Boys' sports,I hate losing.,"I want to get to play as much as my teammates, even if we don't win much.",I want my coach to remain positive in how they communicate to me.,5,3,4,1,2,3,4,2,1,2,3,2,2,2,4,3,2,1,3,3,2,3,4,"when they get mad, have no patience and get mad when you don;t understand it.",YT Boland because he pushes us and he helps you and encourages you.,One that doesn't ge mad when you do something wrong and explains it to you how to do it and has some patience and respect.
3/31/2026 10:00:34,11-13,1,Girls' sports,I love winning.,"I want to get to play as much as my teammates, even if we don't win much.","As long as they're fair, I don't mind being coached ""tough.""",1,3,4,2,5,1,2,4,3,4,4,3,2,2,1,1,4,3,4,2,3,2,1,"Caring more about conditioning than actually teaching how to improve skills. Sure if I am a little better at running I may do better, but teaching me how to actually improve my serving tecnique while also keeping us healthy would be far more beneficial. Also, with coaches playing favorites on certain players and making decisions based on how they have done in the past, or judging where they would play too quickly without watching them play for long enough.","I have had two very great coaches! Both were not from Santa Fe. I played parks and rec soccer in Higginsville for a few years and my favorite coach was one who cared about the players enough to individually support them, gave them fair playing time (not playing favortites + also giving everyone time to play regardless of skill), he also balanced the practises with some conditioning that was relevant to the sport, as well as helping us improve ourselves individually. He did not pressure us to win, only encouraged us to do our best and was thrilled if we did do good (which we did because he helped us improve a lot). My other favorite coach is my current volleyball coach at Centerline who coached us last year too. She really focuses on preparing my friends and I for high school as well as ditching the ineffective conditioning and instead focusing on sport related drills to help us hustle and improve. My LEAST favorite thing in a coach is when they care more about winning and watching their players run than actually their wellbeing. She is a great coach who helps us to improve individually, it improves our team far more than playing favorites.","A coach that cares, but no to the extreme where it seems like they are shaping your life. Being fair to the kids regardless of background, places they have played in the past, and if they have done certain things that the coach had recomended."
3/31/2026 10:21:56,14-15,1,Girls' sports,I love winning.,"I want the team to win, even if I have to mostly sit.",I want my coach to remain positive in how they communicate to me.,1,2,5,3,4,3,2,1,4,4,4,4,4,4,4,4,4,3,4,4,4,4,4,Maybe at times with communication.,Helping me out not only as a player but also as a whole person.,I would like if they would explain things to even players who dont have the best grades or even if they dont have enough practices. Just because they cant play in the moment doesnt mean that  when they finally are able to play that you should only start teaching them then.
3/31/2026 13:22:19,18+,4,Boys' sports,I hate losing.,"I want to get to play as much as my teammates, even if we don't win much.","As long as they're fair, I don't mind being coached ""tough.""",1,2,4,3,5,2,3,4,1,3,3,4,4,4,4,3,4,4,4,3,3,3,4,On occasion they can get angry when the team doesn't preform to a certain standard.,I believe the coaches are great at communication not just with the players but with parents as well. I also see close to no bias when making decisions.,I can't name any off the top of my head but I'm grateful for all opportunities given to me by coaches.
3/31/2026 13:26:46,16-17,3,Boys' sports,I hate losing.,"I want the team to win, even if I have to mostly sit.","As long as they're fair, I don't mind being coached ""tough.""",1,2,3,4,5,2,1,4,3,3,4,4,3,4,2,3,3,3,4,4,4,4,4,"the negative qualities they've had is assuming that someone is ""un-coachable"" and not verbally talking to them to help or help them better understand how to run a play ",the best coach quality I've experienced is that they bring everyone together as not only a team but some what of a family and making time for occasional fun practices and mostly get it done quick and effective type of practices,to better understand the player
3/31/2026 13:27:37,16-17,3,Boys' sports,I hate losing.,"I want the team to win, even if I have to mostly sit.","As long as they're fair, I don't mind being coached ""tough.""",2,4,3,5,1,2,1,3,4,1,2,2,1,2,1,1,2,3,2,1,2,2,1,"The quality of winning, when we are down big they give up.",That coach was a coach who pushed the team in every way. They made me just mad enough to try harder to prove them wrong.,I want a coach the will push the team and everybody in it even if that person isn't coachable.
3/31/2026 13:27:56,16-17,4,Boys' sports,I hate losing.,"I want the team to win, even if I have to mostly sit.",I want my coach to remain positive in how they communicate to me.,4,3,1,5,2,2,3,4,1,4,4,4,4,4,3,3,3,4,3,4,4,4,4,Showed no intrest in the game or practice got made over one mess up and would just give up if we wernt playing good and were doen in a game ,hade high expactions and held them for the whole season puched there team hard in practice and they new there players and were able to talk on a deep level with them,to be able to tell when there players are past there lemit in a game or during an injury and doesnt kill them
3/31/2026 13:28:09,18+,3,Girls' sports,I hate losing.,"I want the team to win, even if I have to mostly sit.","As long as they're fair, I don't mind being coached ""tough.""",1,2,3,5,4,1,2,4,3,3,2,4,4,4,4,4,3,4,4,3,4,4,4,"Never give complements  or tell the team good job, its always what we did wrong","Positive in themselves and their team, Always making the sport fun but also efficient, ","Being a good role model out of the sport, Being Positive, and making the sport fun, Communicating better."
3/31/2026 13:30:08,16-17,3,Girls' sports,I love winning.,"I want to get to play as much as my teammates, even if we don't win much.",I want my coach to remain positive in how they communicate to me.,2,1,5,4,3,1,2,4,3,4,4,4,4,3,4,3,4,4,4,4,4,4,3,One time i had a coach compare me playing worse than her 10 year old daughter and that made me fell like i was not good enough to play that sport,"my softball coach i would say is the best because she makes practices efficient and fun at the same time we learn in the process of having fun and i like how she is not afraid to learn from other coaches, recently she has been trying this new thing during games that she has learned from other coaches and i think that is really cool.",that if i can not really accomplish something like during conditioning to understand but i feel like that is not really realistic because they are supposed to push us.
3/31/2026 13:30:31,16-17,2,Girls' sports,I love winning.,"I want to get to play as much as my teammates, even if we don't win much.","As long as they're fair, I don't mind being coached ""tough.""",2,3,5,1,4,1,2,4,3,3,4,4,2,4,3,3,4,3,3,2,4,3,4,They always took players who were trying there hardest out of the game just to put there daughter in the game.,They were always fair and made sure everyone was always respectful at events and in practice.,Pushes the athletes to always do better.
3/31/2026 15:09:47,16-17,1,Boys' sports,I love winning.,"I want the team to win, even if I have to mostly sit.","As long as they're fair, I don't mind being coached ""tough.""",4,1,5,2,3,2,3,4,1,2,4,4,3,4,3,2,3,3,4,4,3,2,3,"A little impatient at times, sometimes didn't give the best life advice","Motivational, gave good game advice, clear communication of expectations","Can practice with the team and not only give verbal direction, individual work on certain parts of the game that I may be struggling with"
3/31/2026 15:15:48,14-15,3,Girls' sports,I love winning.,"I want to get to play as much as my teammates, even if we don't win much.",I want my coach to remain positive in how they communicate to me.,1,2,5,3,4,3,2,4,1,3,4,4,3,4,4,2,3,4,3,2,3,3,4,"Negative qualities that I've experienced are, talking down to an athlete to make them feel worse about themselves/performance, directed negative feedback, not helping due to values of a player, uncontrolled management of the team, leaving players confused, not caring about team bonding issues, and being unknowledgeable about said sport.","Teaches confidence, builds my character outside of sports, cares about players values and opinions, comes to practice with a plan and knows how to improve skills, helps teammates grow as a team.","Talks positively about players, knows how to fix/ solve struggles."
4/1/2026 10:25:28,18+,2,Boys' sports,I love winning.,"I want to get to play as much as my teammates, even if we don't win much.","As long as they're fair, I don't mind being coached ""tough.""",1,4,2,3,5,1,3,4,2,3,4,4,2,3,3,3,3,2,3,4,4,2,4,"Inattentiveness, and lack of care for how the athletes performed","He cares how everyone performs, and actually pushes us to be better, and pushes us out of our comfort zone to improve us.","someone with specific kniowledge over different aspects of the sport, and smn who can teach you different ways to succeed."
4/1/2026 10:53:53,18+,3,Girls' sports,I hate losing.,"I want the team to win, even if I have to mostly sit.","As long as they're fair, I don't mind being coached ""tough.""",2,1,4,5,3,2,3,4,1,3,3,4,4,4,4,2,4,4,4,2,4,4,4,"1. Comparison to other teams- each year you have a different team and a whole new set of girls with new talents and abilities. I think it is important to understand what past teams are capable of and see what players had done in the past, but I don't believe it should almost be held over their head as to what other teams had done compared to the current team. 
2.  Communication- communicated with all players in a way it best fit the athlete. Not all athletes can be communicated with in the same way. Some people are more sensitive to communication and need to be talked to in a different way for them to understand and not get more ""red"" than they already are. 
3. Shutdown- When things don't go the way we want them to it's not ideal, but I think that we should still talk as a team. At the end of the day the athletes and coaches are a team and  when we didn't talk the environment was just pissed off and negative, this then carried over into the next day and possibly even practice. Even if they didn't have much to say or anything good to say, I believe we should still talk as a team. 
4. Build the team for the future- We have a very past driven mindset and like to succeed and win. I think we like to have the best team possible for that year, which is nice because we can win but I feel as though it makes the next year harder and more intimidating for the new ""Staters"" because there is a chance they have never been in a position like that and they are jumping in head first. Even if they are an upperclassmen and now have a role on the court/field that they hadn't had before it is different when playing competition then in practice. ","1. Communication- communicated with all players in a way it best fit the athlete. Not all athletes can be communicated with in the same way. Some people are more sensitive to communication and need to be talked to in a different way for them to understand and not get more ""red"" than they already are. 
2. Constant Communication- They talked all the time even when our team was down. Talking players through tough times can sometimes help them understand they are capable of getting the next one and how to do it. 
3. Leader- If they expected something out of us as players they did it themselves. 
4. Explanations- Some people need more in depth explanations for drills or skills. Our coaches generally do a good job of making sure the athletes understand what they are supposed to do or how to do it. 
5. Resolving Conflict- I think all of our coaches handle conflict pretty well and try to resolve it before it gets too bad. 
6. Fair- All of our coaches treat players fairly and do what they believe is best for the team when making decisions. ",Active Listener- listen to their team's ideas and try to see if it is a common idea. If it is try and find a way to make it fit into a time to talk about it or do it. Supportive- Support my goals on their court but also on other teams and in life. Knowledge- Have a good understanding of the sport and different coaching styles. Challenging- Willing to push me to be the best I can be.
4/1/2026 23:41:05,16-17,3,Girls' sports,I love winning.,"I want the team to win, even if I have to mostly sit.","As long as they're fair, I don't mind being coached ""tough.""",5,2,4,1,3,1,3,2,4,4,4,4,4,4,4,4,4,4,4,4,4,4,4,"Shut down on the team and have ""Nothing to say' after we would lose a game.",Pushed me out of my comfort zone to try new things and was very understanding of where I as an individual athlete came from. I had another coach that cared about the teams relationships outside of the sport and checked on us as well. ,One that pushes me in a tough way but is encouraging when doing so.
4/7/2026 9:34:06,14-15,4,Boys' sports,I love winning.,"I want the team to win, even if I have to mostly sit.","As long as they're fair, I don't mind being coached ""tough.""",1,5,3,2,4,1,3,2,4,4,3,3,3,3,3,4,3,4,3,4,3,3,4,Were not very positive to the team throughout the entire game.,Practice was effective and got the work done but in a fun team bonding way not just a drill more situational. ,"Staying positive even down 30, Bringing a team together better the conection more fun and szn goes better."
4/7/2026 9:34:34,14-15,0,I do not play sports for Santa Fe's school teams.,I hate losing.,"I want the team to win, even if I have to mostly sit.","As long as they're fair, I don't mind being coached ""tough.""",5,2,4,1,3,1,3,2,4,2,4,4,2,3,3,3,4,3,4,2,3,2,4,"They often showed clear favoritism and only cared to improve their star athlete while everyone else struggles. They often became angry when other athletes did not understand the material as fast as others, and did not care to explain material in more depth. ","They were compassionate about the sport they led, cared for all athletes regardless of skill, and were willing to give help when it was needed whether it be sports related or emotion related. ",I like my coaches able to give criticism and tips without tearing other athletes down or putting others on a clear pedestal. 
4/7/2026 9:36:22,16-17,2,Boys' sports,I love winning.,"I want to get to play as much as my teammates, even if we don't win much.","As long as they're fair, I don't mind being coached ""tough.""",3,1,4,2,5,4,1,3,2,2,4,4,3,3,3,4,4,4,4,4,4,3,4,They don't take everyone's opinions to consideration ,He has some personal connections to players which helps us grow as a team   ,being open to new idea 
4/7/2026 9:38:13,14-15,2,Boys' sports,I love winning.,"I want the team to win, even if I have to mostly sit.","As long as they're fair, I don't mind being coached ""tough.""",2,3,5,1,4,1,4,3,2,3,4,3,3,4,4,2,3,3,4,4,3,3,4,Some coaches might not here both sides of the story.,"This coach is confident, He tries his best to help his players, He's a great person even outside of school.",Just make sure you here everybody's thoughts on something. 
4/7/2026 9:38:34,14-15,3,Girls' sports,I love winning.,"I want the team to win, even if I have to mostly sit.","As long as they're fair, I don't mind being coached ""tough.""",2,4,5,1,3,1,2,4,3,4,4,3,3,4,4,3,4,4,4,4,3,4,4,just making us do the same Drill over and over ,DO the best you can do and never give up,"funny, nice  ,working to make us work hard and push us   "
4/7/2026 9:43:05,14-15,3,Girls' sports,I hate losing.,"I want to get to play as much as my teammates, even if we don't win much.",I want my coach to remain positive in how they communicate to me.,5,3,2,1,4,4,1,2,3,4,3,3,4,2,3,2,4,4,2,4,2,2,2,Some negative qualities from a coach is not being equal and fair to all members of the team. Playing mind games is another big role that coaches have done throughout the season. Sometimes the coaches bring us down when all we really need is a little bit of confidence. Tearing down players is not always something that can help each person. Everyone is coached differently. I know when a coach tells me I did something right that comment stays in my head longer because we don't regularly hear it. ,"They pushed us to be the best, but not always in a physical way, in a mental way. Players want to hear that they did something good and some coaches do that. We don't always want to hear the negative things we need wrong because most of the time we know what we did wrong. Some coaches are able to pick us up when they see we need it most and that is important. ",I want a coach that can fully push us to be better but not in the negative way. Coaches should have some criticism but that should not be all the say. Building up their players should also be something they want to do. Practices should be where we get better and want to get better sometimes its a place we want to go but that depends on how we played in the game before. Most of the times players can tell how practice is gonna go based on how the coaches are towards us I feel like that is not always how it is supposed to be. 
4/7/2026 11:47:58,16-17,2,Boys' sports,I love winning.,"I want the team to win, even if I have to mostly sit.","As long as they're fair, I don't mind being coached ""tough.""",2,3,5,1,4,1,2,3,4,3,3,4,3,3,4,2,3,3,3,4,3,3,3,Focused more on the star athletes instead of improving others overall.,Understanding.,Laid back at times.
4/7/2026 11:51:00,16-17,2,Boys' sports,I love winning.,"I want to get to play as much as my teammates, even if we don't win much.",I want my coach to remain positive in how they communicate to me.,4,2,3,1,5,2,1,3,4,4,4,3,4,4,4,3,4,4,4,3,4,4,3,I can't think of any.,Pushing the athlete to be better.,I can't think of any.
4/7/2026 12:10:12,16-17,4,Girls' sports,I hate losing.,"I want the team to win, even if I have to mostly sit.",I want my coach to remain positive in how they communicate to me.,4,1,2,5,3,3,1,2,4,4,4,4,4,4,3,3,4,4,4,4,4,4,4,"A negative quality that they have is not bringing the team together as a whole. I see a lot of isues with the outside world coming in with sports, when some of us are just their to play the sport they love. I also have experinced the lack of building each player up. Even just a ""hey you did that good"", could turn a bad practice to a good but I do not feel that they are said enough. I also see that sometimes when things aren't going our way, calls, or just us playing in general they give up and tell us to figure it out. While that may be a good lesson, we still need there support due to the fact you are the coach. I also feel that if a coach doesnt like something a player is doing they should tell them personally, and not to another player. My main thing is the lack of positivity within the sports. ","The best coach I've had, showed me support and my team on every occacaion no matter what, win or lose. They have also helped me personally after practice, during games, and are respectful, while also being super supportive when I haven't understood something. I feel that they have also found ways for each player to strive in the best way that they can. One other thing is the positive vibes all around practices, bus rides, and even after a tough loss they found things to work on while pointing out the things we did well even if we didn't win. This was mainly within one sport when the positivity is shown all the time. ","Just a coach that shows the same enthusiasm as the players. The want to be there, the want to have more camps, and be the best team we can be. Along side the best sportsmanship, and a close bond within all the players. "
4/20/2026 10:19:28,14-15,0,I do not play sports for Santa Fe's school teams.,I love winning.,"I want the team to win, even if I have to mostly sit.","As long as they're fair, I don't mind being coached ""tough.""",3,1,2,5,4,1,3,2,4,2,4,4,2,4,2,4,4,2,4,2,3,2,4,"Negative qualities would include being too emotional, slacking off, and favoring one player over another.","Good qualities would include focus, direction, and determination",The ability to explain thoroughly
4/20/2026 10:20:17,11-13,1,Boys' sports,I love winning.,"I want the team to win, even if I have to mostly sit.","As long as they're fair, I don't mind being coached ""tough.""",2,5,3,4,1,2,4,1,3,3,4,3,3,4,3,4,4,4,4,3,2,3,4,"No connection with the team, and minimal character.",Strong connection and likes to get the job done.,I would like a little bit of harshness if needed.
4/20/2026 10:20:37,14-15,1,Boys' sports,I hate losing.,"I want the team to win, even if I have to mostly sit.","As long as they're fair, I don't mind being coached ""tough.""",1,3,4,2,5,4,1,2,3,4,4,4,4,4,4,4,4,4,4,4,4,4,4,Being to soft on us,,Being a role model 
4/20/2026 10:23:17,14-15,3,Girls' sports,I hate losing.,"I want to get to play as much as my teammates, even if we don't win much.",I want my coach to remain positive in how they communicate to me.,1,3,4,5,2,2,4,3,1,3,3,3,3,4,4,3,3,3,3,3,3,3,3,One time we had to run 100 down and backs and another time one coach told some that  they should just quit becase they suck.,supported us he mad sure that we were ok if we acted sad mad or angry he was very kind not harsh but made us do some workouts he made things fun ,to reasure us that we are not the ones in charge 
4/20/2026 10:24:03,14-15,1,Girls' sports,I love winning.,"I want to get to play as much as my teammates, even if we don't win much.",I want my coach to remain positive in how they communicate to me.,2,1,5,3,4,4,3,1,2,4,4,4,4,4,4,4,4,4,4,4,4,4,4,"Picking favorites, getting mad when they are losing even though their team is trying, not communicating well or making connection with the team.","They are positive, help the team and stay positive all the time like never mad when we lose just trying to keep everyone happy no matter what and actually helping the team improve.","Speak kindly to their athletes, be encouraging."
4/20/2026 12:37:20,14-15,3,Girls' sports,I love winning.,"I want to get to play as much as my teammates, even if we don't win much.","As long as they're fair, I don't mind being coached ""tough.""",4,1,5,2,3,1,2,3,4,4,4,4,3,3,3,3,4,4,4,4,4,4,4,he told me that i try my best but i wasn`t very good,She pushed me to my best and helped when when i need did and made it far for every one,there really nothing that i have not mentioned
4/20/2026 12:37:28,14-15,3,Girls' sports,I love winning.,"I want to get to play as much as my teammates, even if we don't win much.","As long as they're fair, I don't mind being coached ""tough.""",1,4,2,3,5,2,3,4,1,3,4,3,3,3,3,3,3,2,2,2,2,2,3,Something I sometimes don't like is that they see other people doing the exercises incorrectly and don't say anything to them.,"Sometimes we want to add other exercises, and they approve them and help us more in athletic performance.",that they sometimes have planned routines that work for different courts and that the people who are extras in certain positions train that position from time to time and that they are just a little stricter
4/20/2026 12:37:29,14-15,1,Girls' sports,I love winning.,"I want to get to play as much as my teammates, even if we don't win much.","As long as they're fair, I don't mind being coached ""tough.""",1,2,3,5,4,1,2,3,4,3,4,4,2,4,4,3,4,4,4,2,4,4,4,No answer,Encourged  me and wanting to me to play the sport if i didnt know what i was supposed to be doing. They helped me understand my sport and help improve my skills in my sport.,This survey said all of them.
4/20/2026 12:38:00,14-15,3,Girls' sports,I love winning.,"I want to get to play as much as my teammates, even if we don't win much.","As long as they're fair, I don't mind being coached ""tough.""",4,3,1,5,2,4,2,1,3,4,4,4,4,4,4,4,4,3,3,4,4,4,4,"favorited certain players, was tough with exercises, did not make me think of them as a role model, rude against players and the players parents, and made me hate the sport that they taught even though I used to love it.","Had great connections with all players, never had a favorite player, made me enjoy the sport ,  helped everyone when they were struggling in the sport, and made everyone feel important or that they are good at the sport. ","Nothing, other than a coach that respects the players and their guardian, makes connections with the players, helps when players need help, and makes everyone feel like they are decent at the sport. "
4/20/2026 12:45:31,14-15,2,Girls' sports,I love winning.,"I want the team to win, even if I have to mostly sit.","As long as they're fair, I don't mind being coached ""tough.""",1,2,3,4,5,1,4,3,2,3,4,4,4,4,4,4,4,3,3,4,3,3,4,No coach that I've had necessarily has been negative...just some things about their style of coaching could improve. Such as being tougher on kids that don't put forth the most effort they could. Also being fair to everyone no matter what. Another big one for me it ACTUALLY knowing what you are doing or at least putting forth effort to understand how to make your athletes improve. ,"They were tough on me and pushed me as well as my other teammates which made our whole team better and led to more wins and improvement across the entire team. They treated everyone equal no matter where you came from or what you do or have done. They were kind but firm when they coached but had high expectations for us as a team and individuals! They walked on the team with no prior knowledge of how or what to coach, but went home every night and looked up techniques and ways to help their athletes improve, commitment is very important!  ","Kindness, Firm and Direct, Caring, Passionate, and Honest."
4/21/2026 8:30:28,16-17,2,Girls' sports,I love winning.,"I want the team to win, even if I have to mostly sit.","As long as they're fair, I don't mind being coached ""tough.""",3,4,1,2,5,1,3,4,2,3,4,3,3,2,2,2,3,3,3,4,3,3,3,They got made easily ,They would help explain what you don't understand better if you asked instead of getting mad,One that makes you like the sport and can have a little fun
4/21/2026 8:31:52,16-17,2,Girls' sports,I love winning.,"I want to get to play as much as my teammates, even if we don't win much.","As long as they're fair, I don't mind being coached ""tough.""",1,3,5,2,4,1,2,4,3,3,4,4,4,3,4,2,4,4,4,4,4,4,4,not teaching athletes bc they aren't good enough. being so caught up in winning they forgot to teach the benched players ,the willingness to keep teaching even if we don't get it right,fairness its a high school so not everyone has the same skill set but everyone should have a chance to play. 
4/21/2026 8:32:07,16-17,2,Boys' sports,I love winning.,"I want to get to play as much as my teammates, even if we don't win much.","As long as they're fair, I don't mind being coached ""tough.""",2,4,5,3,1,2,1,4,3,3,4,3,4,3,3,3,4,3,3,3,3,3,3,not seeming to include some players that had not played much that game,Being there for any player whenever they needed it most,one that gives everyone a similar opritunity 
4/21/2026 8:33:09,16-17,2,Girls' sports,I love winning.,"I want the team to win, even if I have to mostly sit.",I want my coach to remain positive in how they communicate to me.,5,1,4,3,2,3,4,1,2,3,1,4,1,4,1,3,2,2,3,2,2,2,3,"Ignoring the players that haven't been playing the sport there whole life, not playing me on varsity is fine and I understand, but ignoring me at practice and not helping me get better just because I'm not as far along as everyone else is wrong. ",understanding that i wasn't as trained and practiced as everyone and giving me a fair shot.,being understanding when a person is just busy because they cant make a sport there whole life when they need to make money and also need to be involved and get good scholarships.
4/21/2026 10:18:04,16-17,3,Boys' sports,I love winning.,"I want to get to play as much as my teammates, even if we don't win much.","As long as they're fair, I don't mind being coached ""tough.""",1,2,5,4,3,4,3,1,2,4,4,4,3,4,4,4,4,4,4,4,4,4,4,Not giving all players equal playing time or keeping certain players on the bench,"helping me get better at my sport, and cares for all his players",A coach who wont prioritize players cause of their last name or who there parents are
4/21/2026 10:18:20,16-17,1,Boys' sports,I hate losing.,"I want the team to win, even if I have to mostly sit.",I want my coach to remain positive in how they communicate to me.,4,5,1,2,3,2,3,1,4,3,3,2,4,3,2,3,3,4,3,4,3,3,2,getting mad and not explaining what the kid did wrong or helping them fix it.,pushing kids to do there best but also staying mostly positive.,helping kids become better at other things other then a sport.
4/21/2026 10:19:24,16-17,1,Boys' sports,I love winning.,"I want to get to play as much as my teammates, even if we don't win much.","As long as they're fair, I don't mind being coached ""tough.""",2,4,1,5,3,2,1,4,3,3,4,2,3,3,2,3,4,4,4,4,3,3,4,some times pushes a bit too far,always motivates the team to push themself and always understanding,my coach is just fine maybe push a little more but only at certain times
4/21/2026 10:19:39,18+,1,Boys' sports,I love winning.,"I want to get to play as much as my teammates, even if we don't win much.",I want my coach to remain positive in how they communicate to me.,4,3,1,5,2,2,1,3,4,4,3,4,4,3,2,1,3,4,2,3,4,3,4,"as a head coach, not wanting to say no to an assistant coach","Strong spiritual leader, and always has my back outside of sports",Treating all teammates fairly
4/21/2026 10:19:59,16-17,2,Girls' sports,I love winning.,"I want the team to win, even if I have to mostly sit.","As long as they're fair, I don't mind being coached ""tough.""",2,3,4,1,5,2,4,3,1,4,3,4,4,4,4,2,4,4,4,4,4,3,3,They weren't very compassionate. Didn't actually understand the sport. Didn't communicate any issues they had with athletes and would often just 'explode' and target the athlete(s),He's very observant and one on one oriented...he understands and has a passion for his sport ,"Compassion, and consistent in how they act toward athletes"
4/21/2026 10:20:33,16-17,2,Boys' sports,I hate losing.,"I want to get to play as much as my teammates, even if we don't win much.",I want my coach to remain positive in how they communicate to me.,2,1,3,5,4,4,1,3,2,4,4,4,4,4,4,2,4,4,4,4,4,4,4,well some coaches like to pick their kid over someone even if the kid has more skill then the coaches kid and not letting a kid in to play but have the starts in all game is not right making the kids go to summer things and if they show up they dont get to play- not right the kids have a life its not just rivaled around sports ,idk,just the stuff i said 
4/21/2026 10:20:38,16-17,2,Girls' sports,I hate losing.,"I want the team to win, even if I have to mostly sit.","As long as they're fair, I don't mind being coached ""tough.""",5,1,4,2,3,2,1,4,3,3,4,4,3,4,3,2,4,4,3,3,4,2,4,"Many coaches I've had only worked with athletes that did well, its hard to train myself and i cant do any better if i don't have proper direction.","She contributed an equal amount to everyone on the team and didn't favor one person over another, often staying after hours if one student needed more assistance.","i believe everyone coaches differently but it is important to care for our athletes off the  court as well, if they aren't taking care of themselves then they likely wont play well."
4/21/2026 10:21:29,16-17,1,Boys' sports,I hate losing.,"I want the team to win, even if I have to mostly sit.","As long as they're fair, I don't mind being coached ""tough.""",1,2,4,3,5,1,3,2,4,3,4,4,3,3,3,4,3,3,4,3,3,3,4,They were too technical and they tried to be too much of a friend and not a coach,he focused on footwork and used ladders to and focused on blocking ,be honest and tell kids they arent that good and dont try to play every kid regardless of skill
4/21/2026 10:22:48,18+,0,I do not play sports for Santa Fe's school teams.,I love winning.,"I want to get to play as much as my teammates, even if we don't win much.","As long as they're fair, I don't mind being coached ""tough.""",4,5,1,3,2,1,3,4,2,3,4,4,2,4,4,4,3,3,4,3,4,3,4,Lacking the ability to target things in practice that the overall team struggled with. Struggle to uplift and reward good individual performances.,Knowledge of the game. Wanted to win rather than just wanting everyone to have a good experience.,Focusing on a winning culture and not being okay with losing. 
4/21/2026 11:14:22,11-13,3,Boys' sports,I hate losing.,"I want to get to play as much as my teammates, even if we don't win much.","As long as they're fair, I don't mind being coached ""tough.""",4,1,5,3,2,3,1,2,4,4,4,4,4,4,4,4,4,4,4,4,4,4,4,two of my coaches wanted to coach but did not know anything and then acted like there always right.,they pushd us and made us as a team better and they lisend to there players,"i want them to be nice,know what there doing,strong connections whith there team"
4/21/2026 11:14:45,14-15,0,I do not play sports for Santa Fe's school teams.,I love winning.,"I want to get to play as much as my teammates, even if we don't win much.",I want my coach to remain positive in how they communicate to me.,5,4,2,1,3,1,2,3,4,2,3,3,4,3,3,2,3,2,3,4,3,2,3,i never had one but something could be that if they dint help u improve,something could be that u see them trust worthy,i want to be able to look up to them and they are kind to me and dont get mad at me for missing a ball or something
4/21/2026 11:14:51,11-13,3,Girls' sports,I love winning.,"I want to get to play as much as my teammates, even if we don't win much.","As long as they're fair, I don't mind being coached ""tough.""",1,2,4,5,3,4,1,3,2,4,4,4,4,4,4,4,4,4,4,4,4,4,4,they were not negative alot but they werent very kind.,She is really funny and she is a little rough but that's really what i expect in a coach.,Mostly i want them to be rough but actually care about the players improvement. 
4/21/2026 11:15:29,11-13,3,Girls' sports,I love winning.,"I want to get to play as much as my teammates, even if we don't win much.",I want my coach to remain positive in how they communicate to me.,3,1,4,2,5,2,1,4,3,3,4,2,3,4,2,1,4,3,3,2,4,1,3,One of the coaches only cared about one team and didn't care about the other ,They included everyone and made sure the whole team played in the game ,i want them to include everyone and not only care about one single team 
4/21/2026 11:15:38,11-13,3,Girls' sports,I love winning.,"I want to get to play as much as my teammates, even if we don't win much.","As long as they're fair, I don't mind being coached ""tough.""",5,1,2,4,3,4,3,2,1,2,4,3,3,3,2,4,3,3,3,4,3,3,4,not knowning how to couch telling us to run when that person gets mad,telling me when to correct something and tying to make me a better athliet,made take edvies to what they want to do in a sport
4/21/2026 11:15:50,11-13,2,Girls' sports,I hate losing.,"I want the team to win, even if I have to mostly sit.",I want my coach to remain positive in how they communicate to me.,1,4,2,3,5,2,1,4,3,3,3,4,4,3,2,3,3,3,3,4,4,3,3,she make us run a lot of time , the best coaches  of volleyball because they both help me  to get better at volleyball,he/her make us have fun and joy to the sport and be the best coach ever 
4/21/2026 11:16:08,11-13,1,Boys' sports,I love winning.,"I want to get to play as much as my teammates, even if we don't win much.","As long as they're fair, I don't mind being coached ""tough.""",3,2,1,5,4,4,1,3,2,2,3,4,4,4,4,4,3,4,4,4,2,4,4,one reason that i did not like one of my coach is he never made us run/work hard and he did not care if we won or lost and he was almost at none of our game it was our asistant coach and he did not even know our playes ,the best coach he let all of us play and i know him very well inside and outside of school and he cared about all of us so that is why he is the best coach,HE WANTS TO WIN EVERY GAME AND HE WANTS TO PUNISH US IF WE DO NOT DO GOOD!!!
4/21/2026 11:17:27,11-13,3,Girls' sports,I love winning.,"I want to get to play as much as my teammates, even if we don't win much.",I want my coach to remain positive in how they communicate to me.,1,2,4,3,5,1,3,4,2,3,3,4,4,3,3,4,2,2,2,3,3,2,4,Yelling just for accidentally dropping a ball. Or hitting them with the ball with out meaning to. Making you push even though you feel like your about to throw up from being sick or your head hurts and that means failing. Putting you in events that you said you didn't feel good or right doing.,"Understanding, doesn't yell at you for feeling like you cant do something because you feel hurt or sick. letting you sit down when you need a moment to breath and not push yourself over your limits before doing something that might hurt you or could even if it's not a big event.",Teaches you even after they explained it or repeating something if you didn't hear them the first time because it can be hard to hear the coaches some times. And the rest is above.
4/21/2026 11:36:49,14-15,3,Boys' sports,I hate losing.,"I want the team to win, even if I have to mostly sit.","As long as they're fair, I don't mind being coached ""tough.""",5,1,2,3,4,4,3,2,1,2,4,4,2,4,4,2,4,2,3,3,4,4,4,"Unfair playing time, lack of concreate standards that are inforced all year round, accountability, in game/meet coaching, communication, random additional practices that interfered with plans already made because it changed days before.","A plan and culture that we all sticked to. Accountability, a strict reason for playing time.",A willingness to put in overtime.
4/21/2026 13:34:36,16-17,1,Girls' sports,I hate losing.,"I want the team to win, even if I have to mostly sit.",I want my coach to remain positive in how they communicate to me.,1,3,4,2,5,1,2,3,4,3,3,4,4,3,3,3,4,4,4,3,4,3,3,"I once had a coach that was teaching us how to do our sport incorrectly, and in ways that would get us injured later on, or that wouldn't help us actually progress in the sport. They also regularly had poor explanations of how to do things, and multiple times left players confused.","Clearly and thoroughly communicated instructions and expectations, treated players fairly and with consideration as well as boosting their confidence in the sport.",Giving more tips and other such things to better boost skills within the sport to better the player's strength.
4/21/2026 13:35:20,16-17,2,Boys' sports,I love winning.,"I want the team to win, even if I have to mostly sit.",I want my coach to remain positive in how they communicate to me.,5,2,4,1,3,4,3,1,2,4,4,3,4,3,4,4,3,4,3,4,3,4,3,Not thinking on how they talk down to their player and how that affects them the team and the game.,"Coach (redacted), The best i had for my last basketball season he connected with everyone he understood what to do when players were not feeling themselves. He also was a basketball player himself so he knew how to coach the game good. He also would personally get to know all the players.","knowing how far to push a player and not cross the line, always supportive even after a loss so the teams moral doesn't get effected as much to keep everyone happy. Good communication to the players and other coaches."
4/21/2026 14:19:12,11-13,3,Boys' sports,I love winning.,"I want to get to play as much as my teammates, even if we don't win much.","As long as they're fair, I don't mind being coached ""tough.""",2,3,5,4,1,2,3,4,1,3,4,4,4,3,2,3,4,4,3,4,3,4,4,They don't really have negative qualities.,To pickup the team teach morals wile teaching skill.,"Tough, to have good charecter, and create great bonds "
4/21/2026 14:25:58,11-13,1,Girls' sports,I hate losing.,"I want to get to play as much as my teammates, even if we don't win much.","As long as they're fair, I don't mind being coached ""tough.""",4,1,2,5,3,1,2,4,3,2,4,3,3,4,3,3,4,3,4,3,4,2,4,They were unfair and acted differently toward different players on the team.,"She was fair, she helped me improve on my sport a lot and she was kind.",I would want them to be fair and treat all of the athletes the same way and help me to improve in my sport.
4/21/2026 15:17:06,14-15,3,Girls' sports,I love winning.,"I want to get to play as much as my teammates, even if we don't win much.","As long as they're fair, I don't mind being coached ""tough.""",4,5,2,3,1,4,3,1,2,4,3,4,4,4,4,3,4,4,3,4,4,4,2,"i wouldn't say anything negative , I've only noticed some things with coaches of sometimes during games getting upset about how the players are playing and kind of taking the upset Ness out of them i wouldn't say its mean because sometimes people do underperform and coach's know your better then that.",i would say (redacted) she made sure everyone got the playing time they deserved weather we was up by points or down by points she never let a player sit the bench the whole game without going in for a little,i think some coach's should improve on at least giving their players all a chance. I feel like nobody's there to be left out and if there on the bench they have a purpose of being out on the court for at least a little playing time or on the field for a little bit of playing time